<?xml version="1.0" encoding="utf-16"?>
<EsercizioFisico>

  <!--FILE GENERATO AUTOMATICAMENTE, NON MODIFICARE-->
  <!--AUTOMATICALLY GENERATED FILES, DO NOT MODIFY-->

  <Titolo>Esercizio fisico di prova</Titolo>
  <CorpoLibero>false</CorpoLibero>
  <TipoEsercizio>1</TipoEsercizio>
  <Serie>2</Serie>
  <Ripetizioni>10</Ripetizioni>
  <PesoCarico>125</PesoCarico>
  <Note>Note, note, noteeee!</Note>
  <Link>
<Link><titolo>Esecuzione su YouTube</titolo><link>www.youtube.com</link></Link></Link>
  <Immagine></Immagine>

  <!--ID CRIPTATO, NON MODIFICARE-->
  <!--ENCRYPTED ID, DO NOT MODIFY-->
  <Proprietario>LqLfDXAWuOg55a1Vzn0r0S4VZqA5</Proprietario>

</EsercizioFisico>
