<?xml version="1.0" encoding="utf-16"?>
<EsercizioFisico>

  <!--FILE GENERATO AUTOMATICAMENTE, NON MODIFICARE-->
  <!--AUTOMATICALLY GENERATED FILES, DO NOT MODIFY-->

  <Titolo>Esercizio fisico n2</Titolo>
  <CorpoLibero>true</CorpoLibero>
  <TipoEsercizio>0</TipoEsercizio>
  <Serie>4</Serie>
  <Ripetizioni>10</Ripetizioni>
  <PesoCarico>10</PesoCarico>
  <Note></Note>
  <Link></Link>
  <Immagine>null</Immagine>

  <!--ID CRIPTATO, NON MODIFICARE-->
  <!--ENCRYPTED ID, DO NOT MODIFY-->
  <Proprietario>LqLfDXAWuOg55a1Vzn0r0S4VZqA5</Proprietario>

</EsercizioFisico>
