<?xml version="1.0" encoding="utf-16"?>
<AllenamentoFisico>

  <!--FILE GENERATO AUTOMATICAMENTE, NON MODIFICARE-->
  <!--AUTOMATICALLY GENERATED FILES, DO NOT MODIFY-->

  <Titolo>Allenamento Fisico</Titolo>
  <Durata>60</Durata>
  <ListaEsercizi>[/storage/emulated/0/Android/data/com.marchacio.volley_coach/files/Fisico/Esercizi/Esercizio_Fisico_2.xml, /storage/emulated/0/Android/data/com.marchacio.volley_coach/files/Fisico/Esercizi/Piegamenti_sulle_braccia.xml]</ListaEsercizi>
  
  <!--ID CRIPTATO, NON MODIFICARE-->
  <!--ENCRYPTED ID, DO NOT MODIFY-->
  <Proprietario>LqLfDXAWuOg55a1Vzn0r0S4VZqA5</Proprietario>

</AllenamentoFisico>
