<?xml version="1.0" encoding="utf-16"?>
<Esercizio>

  <Titolo>ffff</Titolo>
  <AltezzaSchermo>640.0</AltezzaSchermo>
  <Descrizione>null</Descrizione>
  <ImmaginePath>null</ImmaginePath>
  <Link></Link>
  <TipoEsercizio>TipoEsercizio.Globale</TipoEsercizio>
  <EsercizioPerRuoli>true, false, false, false, false, false</EsercizioPerRuoli>
  <Durata>5</Durata>
  <Difficolta>3.0</Difficolta>
  <DisegnoSchema>null:null:</DisegnoSchema>
  <DisegnoScemaStartPoints>[]</DisegnoScemaStartPoints>
  <DisegnoSchemaEndPoints>[]</DisegnoSchemaEndPoints>

  <Proprietario></Proprietario>
  <ProprietarioMail></ProprietarioMail>
  <ProprietarioTel></ProprietarioTel>
  <ProprietarioImmagine></ProprietarioImmagine>

</Esercizio>
