<?xml version="1.0" encoding="utf-16"?>
<Allenamento>
  <!--FILE GENERATO AUTOMATICAMENTE, NON MODIFICARE-->
  <!--AUTOMATICALLY GENERATED FILES, DO NOT MODIFY-->

  <Titolo>Allenamento di prova</Titolo>
  <ListaEsercizi>[/storage/emulated/0/Android/data/com.marchacio.volley_coach/files/Esercizio_1.xml, /storage/emulated/0/Android/data/com.marchacio.volley_coach/files/Esercizio_2.xml]</ListaEsercizi>
  <Difficolta>5.0</Difficolta>
  <Obiettivo>Ricezione e attacco</Obiettivo>
  <Note>Aggiungi delle note riguardo l&apos;allenamento.</Note>
  
  <!--ID CRIPTATO, NON MODIFICARE-->
  <!--ENCRYPTED ID, DO NOT MODIFY-->
  <Proprietario>LqLfDXAWuOg55a1Vzn0r0S4VZqA5</Proprietario>

</Allenamento>
