<?xml version="1.0" encoding="utf-16"?>
<Allenamento>

  <Titolo>Allenamento di prova</Titolo>
  <ListaEsercizi>[/storage/emulated/0/Volleyball_Coach/Esercizio_di_prova.xml, /storage/emulated/0/Volleyball_Coach/Esercizio_di_prova_2.xml]</ListaEsercizi>
  <Difficolta>4.0</Difficolta>
  <Obiettivo>Ricezione</Obiettivo>
  <Note>[Note note note, aggiungi dettagli riguardo l'allenamento]</Note>
  
  <Proprietario></Proprietario>
  <ProprietarioMail></ProprietarioMail>
  <ProprietarioTel></ProprietarioTel>
  <ProprietarioImmagine></ProprietarioImmagine>

</Allenamento>
