<?xml version="1.0" encoding="utf-16"?>
<Squadra>

  <!--FILE GENERATO AUTOMATICAMENTE, NON MODIFICARE-->
  <!--AUTOMATICALLY GENERATED FILES, DO NOT MODIFY-->

  <Nome>Squadra di prova</Nome>
  <ListaGiocatori>[/storage/emulated/0/Android/data/com.marchacio.volley_coach/files/giocatori/Giocatore_di_prova26Opposto.xml, /storage/emulated/0/Android/data/com.marchacio.volley_coach/files/giocatori/Marchacio2Banda.xml]</ListaGiocatori>
  <Stagione>2021-2022</Stagione>
  <Categoria>Serie X</Categoria>
  <ImmaginePath>null</ImmaginePath>

  <!--ID CRIPTATO, NON MODIFICARE-->
  <!--ENCRYPTED ID, DO NOT MODIFY-->
  <Proprietario>LqLfDXAWuOg55a1Vzn0r0S4VZqA5</Proprietario>

</Squadra>
