<?xml version="1.0" encoding="utf-16"?>
<Giocatore>

  <Nome>Giocatore di prova</Nome>
  <Numero>26</Numero>
  <ImmaginePath>null</ImmaginePath>
  <Ruolo>Ruolo.Opposto</Ruolo>
  <StoricoDatiFisici>{"2021-04-07T19:14:06.415713": {"reach" : 2.3,"reach2" : 2.3,"altezza" : 1.8,"vertec" : 3.0}}</StoricoDatiFisici>
  <StoricoDatiTecnici>{"2021-04-07T19:14:06.415789": {"bagher" : 5.0,"palleggio" : 8.0,"attacco" : 5.0,"battuta" : 10.0,"muro" : 3.0}}</StoricoDatiTecnici>
  <Note></Note>
  <Telefono></Telefono>
  <Mail></Mail>

  <!--ID CRIPTATO, NON MODIFICARE-->
  <!--ENCRYPTED ID, DO NOT MODIFY-->
  <Proprietario>LqLfDXAWuOg55a1Vzn0r0S4VZqA5</Proprietario>

</Giocatore>
  