<?xml version="1.0" encoding="utf-16"?>
<Giocatore>

  <Nome>Giocatore di prova</Nome>
  <Numero>0</Numero>
  <ImmaginePath>null</ImmaginePath>
  <Ruolo>Ruolo.Banda</Ruolo>
  <StoricoDatiFisici>{"2020-05-15T16:00:59.428758": {"reach" : 2.3,"reach2" : 2.3,"altezza" : 1.8,"vertec" : 3.0}}</StoricoDatiFisici>
  <StoricoDatiTecnici>{"2020-05-15T16:00:59.428836": {"bagher" : 5.0,"palleggio" : 5.0,"attacco" : 5.0,"battuta" : 5.0,"muro" : 5.0}}</StoricoDatiTecnici>
  <Note></Note>

  <Proprietario></Proprietario>
  <ProprietarioMail></ProprietarioMail>
  <ProprietarioTel></ProprietarioTel>
  <ProprietarioImmagine></ProprietarioImmagine>

</Giocatore>
  